エリア,発電事業者,発電所コード,発電所名,発電形式,ユニット名,認可出力,停止区分,種別,低下量,停止日時,復旧見通し,復旧予定日,停止原因,最終更新日時,change_type,earlier_file,later_file,as_of_datetime,data_load_datetime
東京,電源開発,31804,電源開発磯子火力発電所新１号機,火力（石炭）,1号機,600000,出力低下,低下・設備故障,300000,2025/11/06 00:00,あり,2025/11/07,B系脱硫装置不具合／最大低下量：300000 kW／最小低下量：300000 kW／当社管理番号：TPA-25-201,2025/11/05 14:22,added,outages_20251105_133026.csv,outages_20251105_143025.csv,05/11/2025 14:22,05/11/2025 14:30
東京,川崎天然ガス発電,61203,川崎天然ガス発電所,火力（ガス）,川天2号機,413000,計画停止,停止・定期検査等,,2025/11/23 22:00,あり,2025/12/07,設備補修,2025/11/05 13:59,added,outages_20251105_133026.csv,outages_20251105_143025.csv,05/11/2025 13:59,05/11/2025 14:30
東京,株式会社JERA,328RU,姉崎火力発電所,火力（ガス）,姉崎新３号,646900,出力低下,低下・送電線等制約,261000,2025/11/10 09:00,あり,2025/11/14,系統作業  平均低下量	261000 kW  最大低下量	299000 kW  最小低下量	224000 kW,2025/11/05 13:34,added,outages_20251105_133026.csv,outages_20251105_143025.csv,05/11/2025 13:34,05/11/2025 14:30
東京,株式会社JERA,328Z0,姉崎火力発電所,火力（ガス）,姉崎新１号,646900,出力低下,低下・送電線等制約,261000,2025/11/10 09:00,あり,2025/11/14,系統作業  平均低下量	261000 kW  最大低下量	299000 kW  最小低下量	224000 kW,2025/11/05 13:33,added,outages_20251105_133026.csv,outages_20251105_143025.csv,05/11/2025 13:33,05/11/2025 14:30
東京,株式会社JERA,328Z0,姉崎火力発電所,火力（ガス）,姉崎新１号,646900,出力低下,低下・送電線等制約,265000,2025/11/08 08:00,あり,2025/11/09,系統作業  平均低下量	265000 kW  最大低下量	293000 kW  最小低下量	241000 kW,2025/11/05 13:31,added,outages_20251105_133026.csv,outages_20251105_143025.csv,05/11/2025 13:31,05/11/2025 14:30
東京,株式会社JERA,328RU,姉崎火力発電所,火力（ガス）,姉崎新３号,646900,出力低下,低下・送電線等制約,265000,2025/11/08 08:00,あり,2025/11/09,系統作業  平均低下量	265000 kW  最大低下量	293000 kW  最小低下量	241000 kW,2025/11/05 13:30,added,outages_20251105_133026.csv,outages_20251105_143025.csv,05/11/2025 13:30,05/11/2025 14:30
東京,株式会社JERA,328Z0,姉崎火力発電所,火力（ガス）,姉崎新１号,646900,出力低下,低下・送電線等制約,265000,2025/11/08 08:00,あり,2025/11/09,系統作業  平均	265000 kW  最大	293000 kW  最小	241000 kW,2025/11/05 13:29,removed,outages_20251105_133026.csv,outages_20251105_143025.csv,05/11/2025 13:30,05/11/2025 14:30
東京,川崎天然ガス発電,61203,川崎天然ガス発電所,火力（ガス）,川天2号機,413000,計画停止,停止・定期検査等,,9999/06/23 07:00,あり,9999/06/23,定期保全,2024/06/20 11:47,removed,outages_20251105_133026.csv,outages_20251105_143025.csv,05/11/2025 13:30,05/11/2025 14:30
