エリア,発電事業者,発電所コード,発電所名,発電形式,ユニット名,認可出力,停止区分,種別,低下量,停止日時,復旧見通し,復旧予定日,停止原因,最終更新日時,change_type,earlier_file,later_file,as_of_datetime,data_load_datetime
北海道,北海道パワーエンジニアリング株式会社,10216,北海道ﾊﾟﾜｰｴﾝｼﾞﾆｱﾘﾝｸﾞ株式会社　苫小牧共同火力発電所3G,火力（石油）,単独,250000,計画停止,停止・設備故障,,2025/11/08 15:20,あり,2025/11/12,タービン設備点検,2025/11/08 16:23,added,outages_20251108_153026.csv,outages_20251108_163026.csv,08/11/2025 16:23,08/11/2025 16:30
東京,株式会社JERA,34039,富津火力発電所,火力（ガス）,富津２−５号,162000,計画停止,停止・設備故障,,2025/11/08 16:03,なし,,ボイラー関係設備,2025/11/08 16:09,added,outages_20251108_153026.csv,outages_20251108_163026.csv,08/11/2025 16:09,08/11/2025 16:30
東京,株式会社JERA,328RU,姉崎火力発電所,火力（ガス）,姉崎新３号,646900,出力低下,低下・送電線等制約,244000,2025/11/08 08:00,あり,2025/11/08,系統作業  平均低下量	244000 kW  最大低下量	290000 kW  最小低下量	211000 kW,2025/11/08 15:51,added,outages_20251108_153026.csv,outages_20251108_163026.csv,08/11/2025 15:51,08/11/2025 16:30
東京,株式会社JERA,328Z0,姉崎火力発電所,火力（ガス）,姉崎新１号,646900,出力低下,低下・送電線等制約,244000,2025/11/08 08:00,あり,2025/11/08,系統作業  平均低下量	244000 kW  最大低下量	290000 kW  最小低下量	211000 kW,2025/11/08 15:51,added,outages_20251108_153026.csv,outages_20251108_163026.csv,08/11/2025 15:51,08/11/2025 16:30
東京,君津共同火力株式会社,6065330508,君津共同火力株式会社君津共同発電所,火力（ガス）,6号機,152900,計画外停止,停止・燃料制約,,2025/11/08 13:20,あり,2025/11/08,運用停止,2025/11/08 15:33,added,outages_20251108_153026.csv,outages_20251108_163026.csv,08/11/2025 15:33,08/11/2025 16:30
東京,君津共同火力株式会社,6065330508,君津共同火力株式会社君津共同発電所,火力（ガス）,6号機,152900,計画外停止,停止・燃料制約,,2025/11/08 13:20,なし,,運用停止,2025/11/08 13:26,removed,outages_20251108_153026.csv,outages_20251108_163026.csv,08/11/2025 15:30,08/11/2025 16:30
東京,株式会社JERA,328RU,姉崎火力発電所,火力（ガス）,姉崎新３号,646900,出力低下,低下・送電線等制約,244000,2025/11/08 08:00,あり,2025/11/09,系統作業  平均低下量	244000 kW  最大低下量	290000 kW  最小低下量	211000 kW,2025/11/08 03:06,removed,outages_20251108_153026.csv,outages_20251108_163026.csv,08/11/2025 15:30,08/11/2025 16:30
東京,株式会社JERA,328Z0,姉崎火力発電所,火力（ガス）,姉崎新１号,646900,出力低下,低下・送電線等制約,244000,2025/11/08 08:00,あり,2025/11/09,系統作業  平均低下量	244000 kW  最大低下量	290000 kW  最小低下量	211000 kW,2025/11/08 03:05,removed,outages_20251108_153026.csv,outages_20251108_163026.csv,08/11/2025 15:30,08/11/2025 16:30
