エリア,発電事業者,発電所コード,発電所名,発電形式,ユニット名,認可出力,停止区分,種別,低下量,停止日時,復旧見通し,復旧予定日,停止原因,最終更新日時,change_type,earlier_file,later_file,as_of_datetime,data_load_datetime
東京,株式会社扇島パワー,6149331758,扇島パワー,火力（ガス）,２,407100,計画停止,停止・その他,,2025/06/21 15:00,あり,2025/06/21,補修工事後試運転,2025/05/30 18:00,added,outages_20250530_173029.csv,outages_20250530_183029.csv,30/05/2025 18:00,30/05/2025 18:30
東京,株式会社扇島パワー,6149331758,扇島パワー,火力（ガス）,２,407100,計画停止,停止・その他,,2025/06/18 23:00,あり,2025/06/19,補修工事後試運転,2025/05/30 17:57,added,outages_20250530_173029.csv,outages_20250530_183029.csv,30/05/2025 17:57,30/05/2025 18:30
東京,株式会社扇島パワー,6149331758,扇島パワー,火力（ガス）,２,407100,計画停止,停止・その他,,2025/06/17 10:30,あり,2025/06/18,補修工事後試運転,2025/05/30 17:56,added,outages_20250530_173029.csv,outages_20250530_183029.csv,30/05/2025 17:56,30/05/2025 18:30
東京,株式会社扇島パワー,6149331758,扇島パワー,火力（ガス）,２,407100,計画停止,停止・その他,,2025/06/16 20:30,あり,2025/06/17,補修工事後試運転,2025/05/30 17:55,added,outages_20250530_173029.csv,outages_20250530_183029.csv,30/05/2025 17:55,30/05/2025 18:30
東京,株式会社扇島パワー,6149331758,扇島パワー,火力（ガス）,２,407100,計画停止,停止・その他,,2025/06/15 23:00,あり,2025/06/16,補修工事後試運転,2025/05/30 17:53,added,outages_20250530_173029.csv,outages_20250530_183029.csv,30/05/2025 17:53,30/05/2025 18:30
東北,常磐共同火力株式会社,606622S317,勿来発電所,火力（石炭）,勿来8号機（東北系）,600000,出力低下,低下・設備故障,150000,2025/06/02 22:00,なし,,ボイラー設備不具合  最大低下量：150000ｋＷ  最小低下量：150000ｋＷ,2025/05/30 17:39,added,outages_20250530_173029.csv,outages_20250530_183029.csv,30/05/2025 17:39,30/05/2025 18:30
東北,常磐共同火力株式会社,606622S317,勿来発電所,火力（石炭）,勿来8号機（東北系）,600000,計画停止,停止・その他,,2025/03/20 00:00,あり,2025/06/02,中間点検,2025/05/30 17:38,added,outages_20250530_173029.csv,outages_20250530_183029.csv,30/05/2025 17:38,30/05/2025 18:30
東北,常磐共同火力株式会社,606622S317,勿来発電所,火力（石炭）,勿来8号機（東北系）,600000,出力低下,低下・設備故障,150000,2025/06/06 00:00,なし,,ボイラー設備不具合  最大低下量：150000ｋＷ  最小低下量：150000ｋＷ,2025/05/29 17:56,removed,outages_20250530_173029.csv,outages_20250530_183029.csv,30/05/2025 17:30,30/05/2025 18:30
東北,常磐共同火力株式会社,606622S317,勿来発電所,火力（石炭）,勿来8号機（東北系）,600000,計画停止,停止・その他,,2025/03/20 00:00,あり,2025/06/05,中間点検,2025/05/29 17:50,removed,outages_20250530_173029.csv,outages_20250530_183029.csv,30/05/2025 17:30,30/05/2025 18:30
