エリア,発電事業者,発電所コード,発電所名,発電形式,ユニット名,認可出力,停止区分,種別,低下量,停止日時,復旧見通し,復旧予定日,停止原因,最終更新日時,change_type,earlier_file,later_file,as_of_datetime,data_load_datetime
東京,東日本旅客鉄道株式会社,32469,川崎発電所,火力（ガス）,2号機,187400,計画停止,停止・その他,,2025/07/31 01:00,あり,2025/07/31,電源切替（1:00〜4:00予定）,2025/06/23 18:05,added,outages_20250623_180052.csv,outages_20250623_183029.csv,23/06/2025 18:05,23/06/2025 18:30
東京,東日本旅客鉄道株式会社,31052,小千谷第二発電所,水力,1号機,103000,計画停止,停止・定期検査等,,2025/07/16 10:00,あり,2025/07/25,IPB・GIS断路器点検修繕,2025/06/23 18:04,added,outages_20250623_180052.csv,outages_20250623_183029.csv,23/06/2025 18:04,23/06/2025 18:30
東京,東日本旅客鉄道株式会社,32469,川崎発電所,火力（ガス）,3号機,198400,計画停止,停止・その他,,2025/07/06 00:00,あり,2025/07/06,電源切替（0:00〜4:00予定）,2025/06/23 18:03,added,outages_20250623_180052.csv,outages_20250623_183029.csv,23/06/2025 18:03,23/06/2025 18:30
東京,東日本旅客鉄道株式会社,32469,川崎発電所,火力（ガス）,4号機,210600,計画停止,停止・定期検査等,,2025/07/02 00:00,あり,2025/07/05,送電設備点検修繕,2025/06/23 18:02,added,outages_20250623_180052.csv,outages_20250623_183029.csv,23/06/2025 18:02,23/06/2025 18:30
東京,東日本旅客鉄道株式会社,32469,川崎発電所,火力（ガス）,3号機,198400,計画停止,停止・その他,,2025/07/02 00:00,あり,2025/07/02,電源切替（0:00〜4:00予定）,2025/06/23 18:01,added,outages_20250623_180052.csv,outages_20250623_183029.csv,23/06/2025 18:01,23/06/2025 18:30
