エリア,発電事業者,発電所コード,発電所名,発電形式,ユニット名,認可出力,停止区分,種別,低下量,停止日時,復旧見通し,復旧予定日,停止原因,最終更新日時,change_type,earlier_file,later_file,as_of_datetime,data_load_datetime
東京,株式会社JERA,34052,川崎火力発電所,火力（ガス）,川崎２−１号,500000,計画停止,停止・定期検査等,,2025/09/20 00:00,あり,2026/01/23,定期点検,2025/06/11 16:02,added,outages_20250611_153030.csv,outages_20250611_163031.csv,11/06/2025 16:02,11/06/2025 16:30
東京,株式会社JERA,34068,東扇島火力発電所,火力（ガス）,東扇島１号,1000000,計画停止,停止・設備故障,,2025/06/13 23:00,あり,2025/06/15,ボイラ関連設備,2025/06/11 15:52,added,outages_20250611_153030.csv,outages_20250611_163031.csv,11/06/2025 15:52,11/06/2025 16:30
東北,電源開発,31201,電源開発奥清津発電所,水力,1号機,250000,計画停止,停止・送電線等制約,,2025/06/11 16:30,あり,2025/06/11,系統作業　当社管理番号：THE-25-108,2025/06/11 15:36,added,outages_20250611_153030.csv,outages_20250611_163031.csv,11/06/2025 15:36,11/06/2025 16:30
東北,電源開発,31204,電源開発奥清津第二発電所,水力,1号機,300000,計画停止,停止・送電線等制約,,2025/06/11 16:25,あり,2025/06/11,系統作業　当社管理番号：THE-25-109,2025/06/11 15:34,added,outages_20250611_153030.csv,outages_20250611_163031.csv,11/06/2025 15:34,11/06/2025 16:30
東北,電源開発,31201,電源開発奥清津発電所,水力,2号機,250000,計画停止,停止・送電線等制約,,2025/06/11 16:30,あり,2025/06/11,系統作業　当社管理番号：THE-25-108,2025/06/11 15:31,added,outages_20250611_153030.csv,outages_20250611_163031.csv,11/06/2025 15:31,11/06/2025 16:30
東京,株式会社JERA,34068,東扇島火力発電所,火力（ガス）,東扇島１号,1000000,計画停止,停止・設備故障,,2025/06/13 22:00,あり,2025/06/15,ボイラ関連設備,2025/06/10 13:12,removed,outages_20250611_153030.csv,outages_20250611_163031.csv,11/06/2025 15:30,11/06/2025 16:30
東北,電源開発,31204,電源開発奥清津第二発電所,水力,1号機,300000,計画停止,停止・送電線等制約,,2025/06/13 17:00,あり,2025/06/13,系統作業　当社管理番号：THE-25-109,2025/05/20 09:59,removed,outages_20250611_153030.csv,outages_20250611_163031.csv,11/06/2025 15:30,11/06/2025 16:30
東北,電源開発,31201,電源開発奥清津発電所,水力,2号機,250000,計画停止,停止・送電線等制約,,2025/06/13 17:05,あり,2025/06/13,系統作業　当社管理番号：THE-25-108,2025/05/20 09:59,removed,outages_20250611_153030.csv,outages_20250611_163031.csv,11/06/2025 15:30,11/06/2025 16:30
東北,電源開発,31201,電源開発奥清津発電所,水力,1号機,250000,計画停止,停止・送電線等制約,,2025/06/13 17:05,あり,2025/06/13,系統作業　当社管理番号：THE-25-108,2025/05/20 09:59,removed,outages_20250611_153030.csv,outages_20250611_163031.csv,11/06/2025 15:30,11/06/2025 16:30
