エリア,発電事業者,発電所コード,発電所名,発電形式,ユニット名,認可出力,停止区分,種別,低下量,停止日時,復旧見通し,復旧予定日,停止原因,最終更新日時,change_type,earlier_file,later_file,as_of_datetime,data_load_datetime
東京,株式会社JERA,34027,袖ケ浦火力発電所,火力（ガス）,袖ケ浦４号,1000000,出力低下,低下・送電線等制約,115000,2025/06/21 00:00,あり,2025/06/27,系統制約  平均低下量　　115000kW  最大低下量　　215000kW  最小低下量　　0kW,2025/06/23 22:39,added,outages_20250623_223030.csv,outages_20250623_230048.csv,23/06/2025 22:39,23/06/2025 23:00
東京,株式会社JERA,34026,袖ケ浦火力発電所,火力（ガス）,袖ケ浦３号,1000000,出力低下,低下・送電線等制約,115000,2025/06/21 00:00,あり,2025/06/27,系統制約  平均低下量　　115000kW  最大低下量　　215000kW  最小低下量　　0kW,2025/06/23 22:38,added,outages_20250623_223030.csv,outages_20250623_230048.csv,23/06/2025 22:38,23/06/2025 23:00
東京,株式会社JERA,34025,袖ケ浦火力発電所,火力（ガス）,袖ケ浦２号,1000000,出力低下,低下・送電線等制約,115000,2025/06/21 00:00,あり,2025/06/27,系統制約  平均低下量　　115000kW  最大低下量　　215000kW  最小低下量　　0kW,2025/06/23 22:37,added,outages_20250623_223030.csv,outages_20250623_230048.csv,23/06/2025 22:37,23/06/2025 23:00
北海道,北海道電力株式会社,10204,苫小牧発電所,火力（石油）,単独,250000,計画停止,停止・その他,,2025/06/24 06:00,あり,2025/06/26,付帯設備点検,2025/06/23 22:35,added,outages_20250623_223030.csv,outages_20250623_230048.csv,23/06/2025 22:35,23/06/2025 23:00
北海道,北海道電力株式会社,10204,苫小牧発電所,火力（石油）,単独,250000,計画停止,停止・その他,,2025/06/24 06:00,あり,2025/06/24,付帯設備点検,2025/06/23 04:32,removed,outages_20250623_223030.csv,outages_20250623_230048.csv,23/06/2025 22:30,23/06/2025 23:00
東京,株式会社JERA,34027,袖ケ浦火力発電所,火力（ガス）,袖ケ浦４号,1000000,出力低下,低下・送電線等制約,134000,2025/06/21 00:00,あり,2025/06/27,系統制約  平均低下量　　134000kW  最大低下量　　215000kW  最小低下量　　0kW,2025/06/23 00:59,removed,outages_20250623_223030.csv,outages_20250623_230048.csv,23/06/2025 22:30,23/06/2025 23:00
東京,株式会社JERA,34026,袖ケ浦火力発電所,火力（ガス）,袖ケ浦３号,1000000,出力低下,低下・送電線等制約,134000,2025/06/21 00:00,あり,2025/06/27,系統制約  平均低下量　　134000kW  最大低下量　　215000kW  最小低下量　　0kW,2025/06/23 00:58,removed,outages_20250623_223030.csv,outages_20250623_230048.csv,23/06/2025 22:30,23/06/2025 23:00
東京,株式会社JERA,34025,袖ケ浦火力発電所,火力（ガス）,袖ケ浦２号,1000000,出力低下,低下・送電線等制約,134000,2025/06/21 00:00,あり,2025/06/27,系統制約  平均低下量　　134000kW  最大低下量　　215000kW  最小低下量　　0kW,2025/06/23 00:57,removed,outages_20250623_223030.csv,outages_20250623_230048.csv,23/06/2025 22:30,23/06/2025 23:00
