エリア,発電事業者,発電所コード,発電所名,発電形式,ユニット名,認可出力,停止区分,種別,低下量,停止日時,復旧見通し,復旧予定日,停止原因,最終更新日時,change_type,earlier_file,later_file,as_of_datetime,data_load_datetime
東北,電源開発,31201,電源開発奥清津発電所,水力,3号機,250000,計画停止,停止・設備故障,,2025/07/30 19:10,なし,,発電機不具合に伴う調査・復旧  当社管理番号：当直間,2025/07/30 19:25,added,outages_20250730_183030.csv,outages_20250730_193029.csv,30/07/2025 19:25,30/07/2025 19:30
東京,鹿島共同火力株式会社,60413,鹿島共同発電所,火力（ガス）,５号機,300000,計画外停止,停止・燃料制約,,2025/07/30 19:21,なし,,燃料調整の為,2025/07/30 19:22,added,outages_20250730_183030.csv,outages_20250730_193029.csv,30/07/2025 19:22,30/07/2025 19:30
東北,日本製鉄株式会社,65732,日本製鉄 釜石火力発電所,火力（石炭）,釜石火力発電所,136000,計画停止,停止・その他,,2025/07/30 19:00,なし,,津波警報発令による対応,2025/07/30 19:07,added,outages_20250730_183030.csv,outages_20250730_193029.csv,30/07/2025 19:07,30/07/2025 19:30
東京,株式会社JERA,328XY,横須賀火力発電所,火力（石炭）,横須賀２号,650000,出力低下,低下・燃料制約,400000,2025/07/30 11:40,あり,2025/07/30,燃料制約による低下,2025/07/30 19:03,added,outages_20250730_183030.csv,outages_20250730_193029.csv,30/07/2025 19:03,30/07/2025 19:30
東京,株式会社JERA,328XX,横須賀火力発電所,火力（石炭）,横須賀１号,650000,出力低下,低下・燃料制約,400000,2025/07/30 11:40,あり,2025/07/30,燃料制約による低下,2025/07/30 19:02,added,outages_20250730_183030.csv,outages_20250730_193029.csv,30/07/2025 19:02,30/07/2025 19:30
関西,関西電力株式会社,68C45,姫路第二発電所,火力（ガス）,５号機,486500,出力低下,低下・設備故障,141000,2025/08/01 08:30,あり,2025/08/01,発電機作業  最大低下量：243000kW  最小低下量：61000kW,2025/07/30 18:30,added,outages_20250730_183030.csv,outages_20250730_193029.csv,30/07/2025 18:30,30/07/2025 19:30
東京,株式会社JERA,328XY,横須賀火力発電所,火力（石炭）,横須賀２号,650000,出力低下,低下・燃料制約,400000,2025/07/30 11:40,なし,,燃料制約による低下,2025/07/30 14:20,removed,outages_20250730_183030.csv,outages_20250730_193029.csv,30/07/2025 18:30,30/07/2025 19:30
東京,株式会社JERA,328XX,横須賀火力発電所,火力（石炭）,横須賀１号,650000,出力低下,低下・燃料制約,400000,2025/07/30 11:40,なし,,燃料制約による低下,2025/07/30 14:20,removed,outages_20250730_183030.csv,outages_20250730_193029.csv,30/07/2025 18:30,30/07/2025 19:30
関西,関西電力株式会社,68C45,姫路第二発電所,火力（ガス）,５号機,486500,出力低下,低下・設備故障,127000,2025/08/01 09:00,あり,2025/08/01,発電機作業  最大低下量：170000kW  最小低下量：121000kW,2025/07/24 18:27,removed,outages_20250730_183030.csv,outages_20250730_193029.csv,30/07/2025 18:30,30/07/2025 19:30
