エリア,発電事業者,発電所コード,発電所名,発電形式,ユニット名,認可出力,停止区分,種別,低下量,停止日時,復旧見通し,復旧予定日,停止原因,最終更新日時,change_type,earlier_file,later_file,as_of_datetime,data_load_datetime
関西,関西電力株式会社,68H41,赤穂発電所,火力（石油）,１号機,600000,計画停止,停止・設備故障,,2025/07/24 00:00,あり,2025/07/31,発電機作業,2025/07/15 11:29,added,outages_20250715_110047.csv,outages_20250715_113028.csv,15/07/2025 11:29,15/07/2025 11:30
関西,関西電力株式会社,68H42,赤穂発電所,火力（石油）,２号機,600000,計画停止,停止・設備故障,,2025/07/24 00:00,あり,2025/07/31,発電機作業,2025/07/15 11:29,added,outages_20250715_110047.csv,outages_20250715_113028.csv,15/07/2025 11:29,15/07/2025 11:30
九州,九州電力株式会社,95012,天山発電所,水力,２号機,300000,計画停止,停止・定期検査等,,2025/08/19 13:00,あり,2025/08/19,日常点検,2025/07/15 11:28,added,outages_20250715_110047.csv,outages_20250715_113028.csv,15/07/2025 11:28,15/07/2025 11:30
関西,関西電力株式会社,62A43,堺港発電所,火力（ガス）,３号機,400000,出力低下,低下・その他,100000,9999/07/29 09:35,あり,9999/07/31,試運転  最大低下量：400000(kW)  最小低下量：0(kW),2025/07/15 11:25,added,outages_20250715_110047.csv,outages_20250715_113028.csv,15/07/2025 11:25,15/07/2025 11:30
東京,鹿島パワー株式会社,5AEF3327U3,鹿島火力発電所,火力（石炭）,2号機,645000,計画停止,停止・設備故障,,2025/07/15 14:00,なし,,ボイラトラブルのため,2025/07/15 11:22,added,outages_20250715_110047.csv,outages_20250715_113028.csv,15/07/2025 11:22,15/07/2025 11:30
九州,九州電力株式会社,95012,天山発電所,水力,２号機,300000,計画停止,停止・定期検査等,,2025/07/15 13:00,あり,2025/07/15,日常点検,2025/06/20 13:11,removed,outages_20250715_110047.csv,outages_20250715_113028.csv,15/07/2025 11:00,15/07/2025 11:30
関西,関西電力株式会社,68H42,赤穂発電所,火力（石油）,２号機,600000,計画停止,停止・設備故障,,2025/07/24 09:00,あり,2025/07/31,発電機作業,2025/02/04 11:10,removed,outages_20250715_110047.csv,outages_20250715_113028.csv,15/07/2025 11:00,15/07/2025 11:30
関西,関西電力株式会社,68H41,赤穂発電所,火力（石油）,１号機,600000,計画停止,停止・設備故障,,2025/07/24 09:00,あり,2025/07/31,発電機作業,2025/02/04 11:10,removed,outages_20250715_110047.csv,outages_20250715_113028.csv,15/07/2025 11:00,15/07/2025 11:30
関西,関西電力株式会社,62A43,堺港発電所,火力（ガス）,３号機,400000,出力低下,低下・その他,100000,2025/07/29 09:35,あり,2025/07/31,試運転  最大低下量：400000(kW)  最小低下量：0(kW),2025/02/04 11:00,removed,outages_20250715_110047.csv,outages_20250715_113028.csv,15/07/2025 11:00,15/07/2025 11:30
