エリア,発電事業者,発電所コード,発電所名,発電形式,ユニット名,認可出力,停止区分,種別,低下量,停止日時,復旧見通し,復旧予定日,停止原因,最終更新日時,change_type,earlier_file,later_file,as_of_datetime,data_load_datetime
東京,株式会社JERA,34036,富津火力発電所,火力（ガス）,富津２−２号,162000,計画停止,停止・定期検査等,,2025/10/12 23:50,あり,2025/10/27,燃料関連設備  JERA内管理ID: E25082901,2025/10/26 13:05,added,outages_20251026_123028.csv,outages_20251026_133029.csv,26/10/2025 13:05,26/10/2025 13:30
東京,株式会社JERA,34038,富津火力発電所,火力（ガス）,富津２−４号,162000,計画停止,停止・定期検査等,,2025/10/12 23:30,あり,2025/10/26,燃料関連設備  JERA内管理ID: E25048401E25083001,2025/10/26 13:04,added,outages_20251026_123028.csv,outages_20251026_133029.csv,26/10/2025 13:04,26/10/2025 13:30
東京,株式会社JERA,34036,富津火力発電所,火力（ガス）,富津２−２号,162000,計画停止,停止・定期検査等,,2025/10/12 23:50,あり,2025/10/26,燃料関連設備  JERA内管理ID: E25082901,2025/10/25 22:38,removed,outages_20251026_123028.csv,outages_20251026_133029.csv,26/10/2025 12:30,26/10/2025 13:30
東京,株式会社JERA,34038,富津火力発電所,火力（ガス）,富津２−４号,162000,計画停止,停止・定期検査等,,2025/10/12 23:30,あり,2025/10/27,燃料関連設備  JERA内管理ID: E25048401E25083001,2025/08/20 16:49,removed,outages_20251026_123028.csv,outages_20251026_133029.csv,26/10/2025 12:30,26/10/2025 13:30
