エリア,発電事業者,発電所コード,発電所名,発電形式,ユニット名,認可出力,停止区分,種別,低下量,停止日時,復旧見通し,復旧予定日,停止原因,最終更新日時,change_type,earlier_file,later_file,as_of_datetime,data_load_datetime
中国,中国電力株式会社,72410,柳井発電所第２号系列,火力（ガス）,２−４号,198000,出力低下,低下・送電線等制約,169846,2025/10/09 08:30,あり,2025/10/09,系統作業　　最大低下量：198000kW　　最小低下量：5000kW　　平均低下量：169846kW,2025/10/08 20:03,added,outages_20251008_193031.csv,outages_20251008_203030.csv,08/10/2025 20:03,08/10/2025 20:30
中国,中国電力株式会社,72410,柳井発電所第２号系列,火力（ガス）,２−１号,198000,出力低下,低下・送電線等制約,151417,2025/10/09 09:00,あり,2025/10/09,系統作業　　最大低下量：198000kW　　最小低下量：13000kW　　平均低下量：151417kW,2025/10/08 20:02,added,outages_20251008_193031.csv,outages_20251008_203030.csv,08/10/2025 20:02,08/10/2025 20:30
中国,中国電力株式会社,74104,南原発電所,水力,１号機,310000,出力低下,低下・送電線等制約,95500,2025/10/09 07:00,あり,2025/10/09,系統作業　　最大低下量：268000kW　　最小低下量：56000kW　　平均低下量：95500kW,2025/10/08 20:01,added,outages_20251008_193031.csv,outages_20251008_203030.csv,08/10/2025 20:01,08/10/2025 20:30
東京,株式会社扇島パワー,6149331758,扇島パワー,火力（ガス）,１,407100,計画停止,停止・その他,,2025/10/11 05:12,あり,2025/10/11,蒸気系統弁動作確認,2025/10/08 19:44,added,outages_20251008_193031.csv,outages_20251008_203030.csv,08/10/2025 19:44,08/10/2025 20:30
東京,株式会社扇島パワー,6149331758,扇島パワー,火力（ガス）,１,407100,計画停止,停止・その他,,2025/10/10 22:12,あり,2025/10/12,蒸気系統弁動作確認,2025/10/08 13:11,removed,outages_20251008_193031.csv,outages_20251008_203030.csv,08/10/2025 19:30,08/10/2025 20:30
中国,中国電力株式会社,74104,南原発電所,水力,１号機,310000,出力低下,低下・送電線等制約,89545,2025/10/09 07:00,あり,2025/10/09,系統作業　　最大低下量：242000kW　　最小低下量：56000kW　　平均低下量：89545kW,2025/10/07 20:34,removed,outages_20251008_193031.csv,outages_20251008_203030.csv,08/10/2025 19:30,08/10/2025 20:30
中国,中国電力株式会社,72410,柳井発電所第２号系列,火力（ガス）,２−４号,198000,出力低下,低下・送電線等制約,179308,2025/10/09 08:30,あり,2025/10/09,系統作業　　最大低下量：198000kW　　最小低下量：5000kW　　平均低下量：179308kW,2025/10/07 20:34,removed,outages_20251008_193031.csv,outages_20251008_203030.csv,08/10/2025 19:30,08/10/2025 20:30
中国,中国電力株式会社,72410,柳井発電所第２号系列,火力（ガス）,２−１号,198000,出力低下,低下・送電線等制約,167091,2025/10/09 09:00,あり,2025/10/09,系統作業　　最大低下量：198000kW　　最小低下量：13000kW　　平均低下量：167091kW,2025/10/07 20:34,removed,outages_20251008_193031.csv,outages_20251008_203030.csv,08/10/2025 19:30,08/10/2025 20:30
