エリア,発電事業者,発電所コード,発電所名,発電形式,ユニット名,認可出力,停止区分,種別,低下量,停止日時,復旧見通し,復旧予定日,停止原因,最終更新日時,change_type,earlier_file,later_file,as_of_datetime,data_load_datetime
中部,株式会社JERA,47194,碧南火力発電所,火力（石炭）,碧南４号,1000000,出力低下,低下・その他,160000,2025/10/28 14:00,あり,2025/10/31,ボイラ関連設備  JERA管理ID：W251346-1,2025/10/28 11:13,added,outages_20251028_103029.csv,outages_20251028_113027.csv,28/10/2025 11:13,28/10/2025 11:30
中部,株式会社JERA,47194,碧南火力発電所,火力（石炭）,碧南４号,1000000,出力低下,低下・その他,200000,2025/10/24 21:20,あり,2025/10/28,ボイラ関連設備  JERA管理ID：W251331-1,2025/10/28 11:12,added,outages_20251028_103029.csv,outages_20251028_113027.csv,28/10/2025 11:12,28/10/2025 11:30
中国,電源開発,75202,電源開発竹原火力発電所３号機,火力（石炭）,3号機,700000,出力低下,低下・設備故障,175000,2025/10/28 13:00,あり,2025/10/30,設備故障  最大低下量：175000kW  最小低下量：175000kW  当社管理番号：当直間,2025/10/28 11:04,added,outages_20251028_103029.csv,outages_20251028_113027.csv,28/10/2025 11:04,28/10/2025 11:30
関西,関西電力株式会社,68C43,姫路第二発電所,火力（ガス）,３号機,486500,出力低下,低下・その他,238600,9999/11/28 10:00,あり,9999/12/01,試運転  最大低下量：486500(kW)  最小低下量：    9300(kW),2025/10/28 10:48,added,outages_20251028_103029.csv,outages_20251028_113027.csv,28/10/2025 10:48,28/10/2025 11:30
関西,関西電力株式会社,68C43,姫路第二発電所,火力（ガス）,３号機,486500,出力低下,低下・その他,238600,9999/11/28 10:00,あり,9999/12/01,試運転  最大低下量：486500(kW)  最小低下量：    9300(kW),2025/10/28 10:47,added,outages_20251028_103029.csv,outages_20251028_113027.csv,28/10/2025 10:47,28/10/2025 11:30
中部,株式会社JERA,47194,碧南火力発電所,火力（石炭）,碧南４号,1000000,出力低下,低下・その他,200000,2025/10/24 21:20,あり,2025/10/31,ボイラ関連設備  JERA管理ID：W251331-1,2025/10/27 18:15,removed,outages_20251028_103029.csv,outages_20251028_113027.csv,28/10/2025 10:30,28/10/2025 11:30
関西,関西電力株式会社,68C43,姫路第二発電所,火力（ガス）,３号機,486500,出力低下,低下・その他,238600,2025/11/28 10:00,あり,2025/12/01,試運転  最大低下量：486500(kW)  最小低下量：    9300(kW),2025/10/22 14:25,removed,outages_20251028_103029.csv,outages_20251028_113027.csv,28/10/2025 10:30,28/10/2025 11:30
関西,関西電力株式会社,68C43,姫路第二発電所,火力（ガス）,３号機,486500,出力低下,低下・その他,238600,2025/11/28 10:00,あり,2025/12/01,試運転  最大低下量：486500(kW)  最小低下量：    9300(kW),2025/10/06 19:02,removed,outages_20251028_103029.csv,outages_20251028_113027.csv,28/10/2025 10:30,28/10/2025 11:30
