エリア,発電事業者,発電所コード,発電所名,発電形式,ユニット名,認可出力,停止区分,種別,低下量,停止日時,復旧見通し,復旧予定日,停止原因,最終更新日時,change_type,earlier_file,later_file,as_of_datetime,data_load_datetime
東京,株式会社JERA,34006,千葉火力発電所,火力（ガス）,千葉２−２号,360000,計画停止,停止・設備故障,,2025/10/24 16:20,あり,2025/10/24,ＧＴ関連設備,2025/10/24 16:26,added,outages_20251024_153029.csv,outages_20251024_163037.csv,24/10/2025 16:26,24/10/2025 16:30
関西,和歌山共同火力株式会社,62B63,和歌山共同発電所,,3号機,156000,計画外停止,停止・その他,,2025/10/24 09:54,あり,2025/10/25,タービン主要弁動作不良,2025/10/24 16:09,added,outages_20251024_153029.csv,outages_20251024_163037.csv,24/10/2025 16:09,24/10/2025 16:30
東北,株式会社JERA,4B215,上越火力発電所,火力（ガス）,上越２−１号,595000,計画停止,停止・定期検査等,,2025/11/02 07:30,あり,2025/11/02,計測関連設備  JERA内管理ID: W250857-1,2025/10/24 16:08,added,outages_20251024_153029.csv,outages_20251024_163037.csv,24/10/2025 16:08,24/10/2025 16:30
中部,株式会社JERA,42290,川越火力発電所,火力（ガス）,川越２号,700000,計画停止,停止・定期検査等,,2025/10/20 06:30,あり,2025/10/26,ボイラ関連設備  JERA内管理ID:W251311-1,2025/10/24 16:01,added,outages_20251024_153029.csv,outages_20251024_163037.csv,24/10/2025 16:01,24/10/2025 16:30
東京,株式会社JERA,34011,千葉火力発電所,火力（ガス）,千葉３−３号,500000,計画停止,停止・定期検査等,,2025/09/16 00:00,あり,2025/10/25,定検  JERA内管理ID: E25060301,2025/10/24 15:48,added,outages_20251024_153029.csv,outages_20251024_163037.csv,24/10/2025 15:48,24/10/2025 16:30
関西,和歌山共同火力株式会社,62B63,和歌山共同発電所,,3号機,156000,計画外停止,停止・その他,,2025/10/24 09:54,なし,,調査中,2025/10/24 10:28,removed,outages_20251024_153029.csv,outages_20251024_163037.csv,24/10/2025 15:30,24/10/2025 16:30
東京,株式会社JERA,34011,千葉火力発電所,火力（ガス）,千葉３−３号,500000,計画停止,停止・定期検査等,,2025/09/16 00:00,あり,2025/10/24,定検  JERA内管理ID: E25060301,2025/10/21 13:52,removed,outages_20251024_153029.csv,outages_20251024_163037.csv,24/10/2025 15:30,24/10/2025 16:30
中部,株式会社JERA,42290,川越火力発電所,火力（ガス）,川越２号,700000,計画停止,停止・定期検査等,,2025/10/20 06:30,あり,2025/10/27,ボイラ関連設備  JERA内管理ID:W251311-1,2025/10/08 14:33,removed,outages_20251024_153029.csv,outages_20251024_163037.csv,24/10/2025 15:30,24/10/2025 16:30
東北,株式会社JERA,4B215,上越火力発電所,火力（ガス）,上越２−１号,595000,出力低下,低下・その他,302000,2025/11/02 08:30,あり,2025/11/02,計測関連設備  JERA内管理ID: W250857-1,2025/10/03 10:29,removed,outages_20251024_153029.csv,outages_20251024_163037.csv,24/10/2025 15:30,24/10/2025 16:30
