エリア,発電事業者,発電所コード,発電所名,発電形式,ユニット名,認可出力,停止区分,種別,低下量,停止日時,復旧見通し,復旧予定日,停止原因,最終更新日時,change_type,earlier_file,later_file,as_of_datetime,data_load_datetime
東京,株式会社JERA,34027,袖ケ浦火力発電所,火力（ガス）,袖ケ浦４号,1000000,出力低下,低下・設備故障,500000,2025/10/21 12:50,あり,2026/01/12,タービン関連設備  JERA内管理ID: E25195601,2025/10/15 18:51,added,outages_20251015_183027.csv,outages_20251015_193030.csv,15/10/2025 18:51,15/10/2025 19:30
東京,株式会社JERA,34027,袖ケ浦火力発電所,火力（ガス）,袖ケ浦４号,1000000,計画停止,停止・定期検査等,,2025/09/16 00:00,あり,2025/10/21,電気関連設備  JERA内管理ID: E25028101,2025/10/15 18:36,added,outages_20251015_183027.csv,outages_20251015_193030.csv,15/10/2025 18:36,15/10/2025 19:30
東京,株式会社JERA,34026,袖ケ浦火力発電所,火力（ガス）,袖ケ浦３号,1000000,計画停止,停止・定期検査等,,2025/09/18 00:00,あり,2025/10/18,電気関連設備  JERA内管理ID: E25028001,2025/10/15 18:35,added,outages_20251015_183027.csv,outages_20251015_193030.csv,15/10/2025 18:35,15/10/2025 19:30
東京,株式会社JERA,34026,袖ケ浦火力発電所,火力（ガス）,袖ケ浦３号,1000000,計画停止,停止・定期検査等,,2025/09/18 00:00,あり,2025/10/31,電気関連設備  JERA内管理ID: E25028001,2025/09/16 17:17,removed,outages_20251015_183027.csv,outages_20251015_193030.csv,15/10/2025 18:30,15/10/2025 19:30
東京,株式会社JERA,34027,袖ケ浦火力発電所,火力（ガス）,袖ケ浦４号,1000000,計画停止,停止・定期検査等,,2025/09/16 00:00,あり,2025/10/31,電気関連設備  JERA内管理ID: E25028101,2025/09/11 13:56,removed,outages_20251015_183027.csv,outages_20251015_193030.csv,15/10/2025 18:30,15/10/2025 19:30
