エリア,発電事業者,発電所コード,発電所名,発電形式,ユニット名,認可出力,停止区分,種別,低下量,停止日時,復旧見通し,復旧予定日,停止原因,最終更新日時,change_type,earlier_file,later_file,as_of_datetime,data_load_datetime
東北,株式会社JERA,4B209,上越火力発電所,火力（ガス）,上越１−１号,595000,出力低下,低下・その他,364000,2025/09/28 14:00,あり,2025/09/28,燃焼調整  最大低下量：595000kW  最小低下量：303000kW,2025/08/04 17:56,added,outages_20250804_173031.csv,outages_20250804_180049.csv,04/08/2025 17:56,04/08/2025 18:00
東北,株式会社JERA,4B209,上越火力発電所,火力（ガス）,上越１−１号,595000,計画停止,停止・その他,,2025/09/28 21:30,あり,2025/09/29,燃焼調整,2025/08/04 17:52,added,outages_20250804_173031.csv,outages_20250804_180049.csv,04/08/2025 17:52,04/08/2025 18:00
東北,株式会社JERA,4B209,上越火力発電所,火力（ガス）,上越１−１号,595000,計画停止,停止・その他,,2025/09/28 08:00,あり,2025/09/28,燃焼調整,2025/08/04 17:51,added,outages_20250804_173031.csv,outages_20250804_180049.csv,04/08/2025 17:51,04/08/2025 18:00
東京,川崎天然ガス発電,61203,川崎天然ガス発電所,火力（ガス）,川天2号機,413000,計画停止,停止・その他,,2025/08/12 04:30,あり,2025/08/12,試運転,2025/08/04 17:45,added,outages_20250804_173031.csv,outages_20250804_180049.csv,04/08/2025 17:45,04/08/2025 18:00
東京,川崎天然ガス発電,61203,川崎天然ガス発電所,火力（ガス）,川天1号機,413000,計画停止,停止・その他,,2025/08/12 21:30,あり,2025/08/13,試運転,2025/08/04 17:44,added,outages_20250804_173031.csv,outages_20250804_180049.csv,04/08/2025 17:44,04/08/2025 18:00
東京,君津共同火力株式会社,6065330508,君津共同火力株式会社君津共同発電所,火力（ガス）,6号機,152900,計画停止,停止・燃料制約,,2025/08/19 06:00,あり,2025/08/21,運用停止,2025/08/04 17:36,added,outages_20250804_173031.csv,outages_20250804_180049.csv,04/08/2025 17:36,04/08/2025 18:00
東京,君津共同火力株式会社,6065330508,君津共同火力株式会社君津共同発電所,火力（ガス）,5号機,300000,出力低下,低下・燃料制約,190000,2025/08/19 05:00,あり,2025/08/21,最大抑制量:225000kW  最小抑制量:150000kW,2025/08/04 17:36,added,outages_20250804_173031.csv,outages_20250804_180049.csv,04/08/2025 17:36,04/08/2025 18:00
東京,君津共同火力株式会社,6065330508,君津共同火力株式会社君津共同発電所,火力（ガス）,5号機,300000,出力低下,低下・燃料制約,225000,2025/08/12 05:00,あり,2025/08/13,最大抑制量;225000kW  最小抑制量:185000kW,2025/08/04 17:34,added,outages_20250804_173031.csv,outages_20250804_180049.csv,04/08/2025 17:34,04/08/2025 18:00
東京,君津共同火力株式会社,6065330508,君津共同火力株式会社君津共同発電所,火力（ガス）,6号機,152900,計画停止,停止・燃料制約,,2025/08/12 06:00,あり,2025/08/13,運用停止,2025/08/04 17:33,added,outages_20250804_173031.csv,outages_20250804_180049.csv,04/08/2025 17:33,04/08/2025 18:00
