エリア,発電事業者,発電所コード,発電所名,発電形式,ユニット名,認可出力,停止区分,種別,低下量,停止日時,復旧見通し,復旧予定日,停止原因,最終更新日時,change_type,earlier_file,later_file,as_of_datetime,data_load_datetime
関西,関西電力株式会社,68E00,奥多々良木発電所,水力,５号機,360000,計画停止,停止・設備故障,,2025/11/04 13:00,あり,2025/11/04,発電機作業,2025/08/27 14:54,added,outages_20250827_143030.csv,outages_20250827_153028.csv,27/08/2025 14:54,27/08/2025 15:30
関西,関西電力株式会社,68E00,奥多々良木発電所,水力,６号機,360000,計画停止,停止・設備故障,,2025/11/13 15:00,あり,2025/11/13,発電機作業,2025/08/27 14:43,added,outages_20250827_143030.csv,outages_20250827_153028.csv,27/08/2025 14:43,27/08/2025 15:30
関西,関西電力株式会社,68E00,奥多々良木発電所,水力,５号機,360000,計画停止,停止・設備故障,,2025/11/12 15:00,あり,2025/11/12,発電機作業,2025/08/27 14:42,added,outages_20250827_143030.csv,outages_20250827_153028.csv,27/08/2025 14:42,27/08/2025 15:30
関西,関西電力株式会社,63D41,舞鶴発電所,火力（石炭）,１号機,900000,出力低下,低下・設備故障,473000,2025/11/09 00:00,あり,2025/11/09,発電機作業  最大低下量：495000(kW)  最小低下量：450000(kW),2025/08/27 14:32,added,outages_20250827_143030.csv,outages_20250827_153028.csv,27/08/2025 14:32,27/08/2025 15:30
東京,株式会社JERA,34026,袖ケ浦火力発電所,火力（ガス）,袖ケ浦３号,1000000,計画停止,停止・定期検査等,,2025/10/10 22:00,あり,2025/10/17,冬期前点検  JERA内管理ID: E25002001,2025/08/20 17:07,removed,outages_20250827_143030.csv,outages_20250827_153028.csv,27/08/2025 14:30,27/08/2025 15:30
東京,株式会社JERA,34037,富津火力発電所,火力（ガス）,富津２−３号,162000,計画停止,停止・その他,,2025/10/12 23:40,あり,2025/10/27,燃料関連設備  JERA内管理ID: E25085901,2025/08/20 16:43,removed,outages_20250827_143030.csv,outages_20250827_153028.csv,27/08/2025 14:30,27/08/2025 15:30
東京,株式会社JERA,34038,富津火力発電所,火力（ガス）,富津２−４号,162000,計画停止,停止・設備故障,,2025/10/25 00:00,あり,2025/10/25,ボイラー関連設備,2025/07/25 16:11,removed,outages_20250827_143030.csv,outages_20250827_153028.csv,27/08/2025 14:30,27/08/2025 15:30
東京,株式会社JERA,34040,富津火力発電所,火力（ガス）,富津２−６号,162000,計画停止,停止・定期検査等,,2025/10/25 00:00,あり,2025/10/26,タービン関連設備,2025/03/03 16:46,removed,outages_20250827_143030.csv,outages_20250827_153028.csv,27/08/2025 14:30,27/08/2025 15:30
関西,関西電力株式会社,68E00,奥多々良木発電所,水力,５号機,360000,計画停止,停止・設備故障,,2025/11/04 10:00,あり,2025/11/04,発電機作業,2025/02/12 13:04,removed,outages_20250827_143030.csv,outages_20250827_153028.csv,27/08/2025 14:30,27/08/2025 15:30
