エリア,発電事業者,発電所コード,発電所名,発電形式,ユニット名,認可出力,停止区分,種別,低下量,停止日時,復旧見通し,復旧予定日,停止原因,最終更新日時,change_type,earlier_file,later_file,as_of_datetime,data_load_datetime
中部,株式会社JERA,47193,碧南火力発電所,火力（石炭）,碧南３号,700000,出力低下,低下・その他,360000,2025/08/29 14:30,あり,2025/08/29,定期点検に伴うバンカ焚切  最大低下量: 700000kW  最小低下量: 0kW  JERA内管理ID: W251090-1,2025/08/26 18:49,added,outages_20250826_183029.csv,outages_20250826_190051.csv,26/08/2025 18:49,26/08/2025 19:00
東北,株式会社JERA,4B209,上越火力発電所,火力（ガス）,上越１−１号,595000,出力低下,低下・その他,364000,2025/09/28 14:00,あり,2025/09/28,燃焼調整  最大低下量: 595000kW  最小低下量: 303000kW  JERA内管理ID: W251173-1,2025/08/26 18:48,added,outages_20250826_183029.csv,outages_20250826_190051.csv,26/08/2025 18:48,26/08/2025 19:00
関西,関西電力株式会社,63C00,喜撰山発電所,水力,２号機,233000,計画停止,停止・設備故障,,2025/11/28 10:00,あり,2025/11/28,発電機作業,2025/08/26 18:38,added,outages_20250826_183029.csv,outages_20250826_190051.csv,26/08/2025 18:38,26/08/2025 19:00
関西,関西電力株式会社,63C00,喜撰山発電所,水力,１号機,233000,計画停止,停止・設備故障,,2025/11/28 10:00,あり,2025/11/28,発電機作業,2025/08/26 18:36,added,outages_20250826_183029.csv,outages_20250826_190051.csv,26/08/2025 18:36,26/08/2025 19:00
関西,関西電力株式会社,63C00,喜撰山発電所,水力,２号機,233000,計画停止,停止・設備故障,,2025/11/04 10:00,あり,2025/12/19,発電機作業,2025/08/26 18:35,added,outages_20250826_183029.csv,outages_20250826_190051.csv,26/08/2025 18:35,26/08/2025 19:00
関西,関西電力株式会社,63C00,喜撰山発電所,水力,２号機,233000,計画停止,停止・設備故障,,2025/10/27 08:30,あり,2025/10/27,発電機作業,2025/08/26 18:31,added,outages_20250826_183029.csv,outages_20250826_190051.csv,26/08/2025 18:31,26/08/2025 19:00
中部,株式会社JERA,47193,碧南火力発電所,火力（石炭）,碧南３号,700000,出力低下,低下・その他,360000,2025/08/29 14:30,あり,2025/08/29,定期点検に伴うバンカ焚切  平均低下量: 360000kW  最大低下量: 700000kW  最小低下量: 0kW  JERA内管理ID: W251090-1,2025/08/26 14:44,removed,outages_20250826_183029.csv,outages_20250826_190051.csv,26/08/2025 18:30,26/08/2025 19:00
東北,株式会社JERA,4B209,上越火力発電所,火力（ガス）,上越１−１号,595000,出力低下,低下・その他,364000,2025/09/28 14:00,あり,2025/09/28,燃焼調整  平均低下量: 364000kW  最大低下量: 595000kW  最小低下量: 303000kW  JERA内管理ID: W251173-1,2025/08/26 14:15,removed,outages_20250826_183029.csv,outages_20250826_190051.csv,26/08/2025 18:30,26/08/2025 19:00
