エリア,発電事業者,発電所コード,発電所名,発電形式,ユニット名,認可出力,停止区分,種別,低下量,停止日時,復旧見通し,復旧予定日,停止原因,最終更新日時,change_type,earlier_file,later_file,as_of_datetime,data_load_datetime
東北,東北電力株式会社,2A129,東北電力八戸火力発電所５号機,火力（ガス）,５号機ＳＴ,141900,計画停止,停止・その他,,2025/09/02 10:36,あり,2025/09/02,設備不具合に伴う起動不可,2025/09/02 11:00,added,outages_20250902_103026.csv,outages_20250902_110041.csv,02/09/2025 11:00,02/09/2025 11:00
東北,東北電力株式会社,2A129,東北電力八戸火力発電所５号機,火力（ガス）,５号機ＧＴＢ,276100,計画停止,停止・その他,,2025/09/02 10:36,あり,2025/09/02,設備不具合に伴う起動不可,2025/09/02 10:59,added,outages_20250902_103026.csv,outages_20250902_110041.csv,02/09/2025 10:59,02/09/2025 11:00
東京,株式会社JERA,34042,富津火力発電所,火力（ガス）,富津３−１号,380000,計画停止,停止・設備故障,,2025/09/06 09:00,あり,2025/09/06,タービン関連設備  JERA内管理ID: E25170901,2025/09/02 10:51,added,outages_20250902_103026.csv,outages_20250902_110041.csv,02/09/2025 10:51,02/09/2025 11:00
東京,株式会社JERA,34001,千葉火力発電所,火力（ガス）,千葉１−１号,360000,計画外停止,停止・設備故障,,2025/08/30 19:07,なし,,電気関連設備  JERA内管理ID: E25170601,2025/09/02 10:46,added,outages_20250902_103026.csv,outages_20250902_110041.csv,02/09/2025 10:46,02/09/2025 11:00
東京,株式会社JERA,34092,常陸那珂火力発電所,火力（石炭）,常陸那珂２号,1000000,計画停止,停止・設備故障,,2025/08/30 22:32,なし,,ボイラ関連設備  JERA内管理ID: E25171301,2025/09/02 10:46,added,outages_20250902_103026.csv,outages_20250902_110041.csv,02/09/2025 10:46,02/09/2025 11:00
東京,株式会社JERA,34042,富津火力発電所,火力（ガス）,富津３−１号,380000,計画停止,停止・設備故障,,2025/09/06 09:00,あり,2025/09/06,タービン関連設備  JERA内管理ID：E251709,2025/09/01 15:37,removed,outages_20250902_103026.csv,outages_20250902_110041.csv,02/09/2025 10:30,02/09/2025 11:00
東京,株式会社JERA,34092,常陸那珂火力発電所,火力（石炭）,常陸那珂２号,1000000,計画停止,停止・設備故障,,2025/08/30 22:32,なし,,ボイラ関連設備,2025/08/30 20:52,removed,outages_20250902_103026.csv,outages_20250902_110041.csv,02/09/2025 10:30,02/09/2025 11:00
東京,株式会社JERA,34001,千葉火力発電所,火力（ガス）,千葉１−１号,360000,計画外停止,停止・設備故障,,2025/08/30 19:07,なし,,電気関連設備,2025/08/30 19:16,removed,outages_20250902_103026.csv,outages_20250902_110041.csv,02/09/2025 10:30,02/09/2025 11:00
